"First name","Sur name","Issue count","Date of birth"
"Anna","Doe",2,"1987-07-01T00:00:00"
"John","Geller",2,"1999-12-01T00:00:00"
"John","Miller",4,"2000-07-01T00:00:00"
"Anna","Doe",2,"1987-07-01T00:00:00"
"John","Geller",2,"1999-12-01T00:00:00"
"Anna","Doe",2,"1987-07-01T00:00:00"
"John","Miller",4,"2000-07-01T00:00:00"
"Anna","Doe",2,"1987-07-01T00:00:00"
"John","Geller",2,"1999-12-01T00:00:00"
"Anna","Doe",2,"1987-07-01T00:00:00"
"John","Miller",4,"2000-07-01T00:00:00"
"Anna","Doe",2,"1987-07-01T00:00:00"
"John","Geller",2,"1999-12-01T00:00:00"